Parameters,x3methyladenine,lumefantrine
EC50,0.0147217212885877,1
H,2.95489307857343,0
Ucinf,0.330833580372175,100
chi2,184.080870230424,323.350488741941
good_of_fit,0,0
