Parameters,x3methyladenine,lumefantrine
EC50,0.00873902661197498,1
H,3.82799995915782,0
Ucinf,7.86815112115494,100
chi2,1780.87328259198,6028.58505320342
good_of_fit,0,0
