Parameters,alvespimycinhydrochloride,lumefantrine
EC50,0.0150561047797965,0.134572669446061
H,3.58343119622405,4.06916170419331
Ucinf,1.70840554080848,1.49225180752789
chi2,182.504269141785,56.1088768191694
good_of_fit,0,0
