Parameters,alvespimycinhydrochloride,mefloquine
EC50,0.122070491444764,0.0816377702149654
H,9.99999999998921,9.99999999999999
Ucinf,36.5733541697838,17.3460304168354
chi2,76735.4270930803,26859.0354910396
good_of_fit,0,0
