Parameters,alvespimycinhydrochloride,mefloquine
EC50,0.0306629906760345,0.204435461267623
H,4.12602399119162,3.0981415238095
Ucinf,8.98564303302924,0
chi2,6845.24325907474,1540.85708567629
good_of_fit,0,0
