Parameters,alvespimycinhydrochloride,mefloquine
EC50,0.0426506101450684,0.154993834552883
H,2.49711202115214,2.75424031980004
Ucinf,0,0
chi2,119.069155797589,211.940057877089
good_of_fit,0,0
