Parameters,alvespimycinhydrochloride,artenimol
EC50,0.00258905215068505,0.105540924383617
H,3.12413481082045,9.99999999999883
Ucinf,23.8680683240436,53.5614575343821
chi2,28424.248680099,60985.2024506184
good_of_fit,0,0
