Parameters,alvespimycinhydrochloride,artenimol
EC50,0.00251054439330273,0.137170813507816
H,4.23417709530091,3.86929639485432
Ucinf,0.809888208858683,2.04929917393264
chi2,94.0041491329454,85.684900281293
good_of_fit,0,0
