Parameters,alvespimycinhydrochloride,lumefantrine
EC50,0.011687938521109,0.711176173354961
H,9.99999999999989,9.99999999999455
Ucinf,51.4525323812539,0
chi2,28802.4752767965,460647.916853966
good_of_fit,0,0
