Parameters,alvespimycinhydrochloride,nvpbgt226
EC50,0.00152854743628122,0.339128359986277
H,5.63689386090405,10
Ucinf,5.65695304066313,0
chi2,8501.97595521321,3223.00191056479
good_of_fit,0,0
