Parameters,alvespimycinhydrochloride,artenimol
EC50,0.00253001232412501,0.291483180359768
H,2.82462468250901,2.84332493877359
Ucinf,1.36579683411297,4.99532158735779
chi2,1280.34978835386,11186.8479304652
good_of_fit,0,0
