Parameters,alvespimycinhydrochloride,tafenoquine
EC50,0.192859463802953,0.23196895290837
H,5.0810067437608,2.93146725181624
Ucinf,32.2996071119679,0
chi2,1128.23678135131,2249.10356170916
good_of_fit,0,0
