Parameters,alvespimycinhydrochloride,halofantrine
EC50,0.00151857104409178,0.0367367435237432
H,9.99999999999999,4.28874505105094
Ucinf,0.152403285018765,0.726557554468132
chi2,391.290882178105,347.045335187321
good_of_fit,0,0
