Parameters,alvespimycinhydrochloride,tafenoquine
EC50,0.683347132702208,0.129579001773502
H,9.99999999999999,3.04936127807617
Ucinf,0,0.194421498147979
chi2,33162.1686457609,13016.2851236035
good_of_fit,0,0
