Parameters,alvespimycinhydrochloride,halofantrine
EC50,0.000848330855501279,0.0651501114554833
H,2.73661858266519,3.93537727600283
Ucinf,0,3.78103978873834
chi2,253.354094562523,2696.02934809222
good_of_fit,0,0
