Parameters,alvespimycinhydrochloride,lumefantrine
EC50,0.0128079787380374,0.334680851234785
H,9.99999999999997,2.9644896993756
Ucinf,9.16722517593464,0
chi2,1299.38176794085,1523.55652080321
good_of_fit,0,0
