Parameters,alvespimycinhydrochloride,nvpbgt226
EC50,0.00204230328301872,0.162985719587011
H,5.57492927154057,3.32444132148571
Ucinf,15.6881715171183,0.478509393799409
chi2,209.500976078267,97.0704940439288
good_of_fit,0,0
