Parameters,alvespimycinhydrochloride,tafenoquine
EC50,0.187842597249038,0.162117702488961
H,2.95711395309486,4.47975358611866
Ucinf,9.91862460528748,1.9734696058118
chi2,103.455252268999,170.700356919219
good_of_fit,0,0
