Parameters,amodiaquine,artesunate
EC50,0.00903122133980907,0.0358873307698937
H,10,9.52142808807607
Ucinf,50.1118360252118,0
chi2,12329.9296355755,5327127616.64371
good_of_fit,0,0
