Parameters,amodiaquine,artenimol
EC50,0.00263138557877809,0.196095989297283
H,4.79130934968476,10
Ucinf,0.844430241147326,0
chi2,103.611490180865,116.690638476458
good_of_fit,0,0
