Parameters,amodiaquine,artesunate
EC50,0.0137714970429377,0.187920387393797
H,6.57720246006599,10
Ucinf,2.3960469893153,0
chi2,161.175620725181,346.111724816983
good_of_fit,0,0
