Parameters,amodiaquine,artemether
EC50,0.0265508143659779,0.0242500675671943
H,6.6184090444001,10
Ucinf,0,1.23317750839502
chi2,36.550697256088,243.270901127699
good_of_fit,0,0
