Parameters,atovaquone,halofantrine
EC50,0.000772885980672852,0.00187155838416355
H,3.17128437611375,1.4627088848442
Ucinf,0,0
chi2,158.306058324297,771.976289029821
good_of_fit,0,0
