Parameters,azelnidipine,artemether
EC50,0.00501431016131401,0.606265470945821
H,2.37039669003402,1.11128501693088
Ucinf,0,0
chi2,342.52822899463,191.132008116957
good_of_fit,0,0
