Parameters,azelnidipine,artenimol
EC50,0.000893035300073031,0.863333151730651
H,2.09643856929547,1.4402128225899
Ucinf,0,0
chi2,185.236738352528,652.129089610648
good_of_fit,0,0
