Parameters,azelnidipine,artenimol
EC50,0.00080529374849474,1.42223669347814
H,1.92973445345981,0.662060911403275
Ucinf,0,0
chi2,293.33954407903,1841.43433934894
good_of_fit,0,0
