Parameters,azelnidipine,artesunate
EC50,0.00306628420561665,1.95577205581912
H,10,1.95604383786572
Ucinf,1.8516231405508,0
chi2,54.4470940846488,407.703949124122
good_of_fit,0,0
