Parameters,azelnidipine,artemether
EC50,0.00602136232010545,1.49684813555783
H,2.52883895624134,1.01777647855465
Ucinf,0,0
chi2,998.668775649385,1121.57424779096
good_of_fit,0,0
