Parameters,azelnidipine,lumefantrine
EC50,0.00486768251546652,2.55123730501974
H,2.42972904654982,2.31112912047018
Ucinf,0,0
chi2,379.310945198004,637.501854878715
good_of_fit,0,0
