Parameters,azelnidipine,lumefantrine
EC50,0.00970415756406153,3.10361379539021
H,2.83776017114498,2.69451469518281
Ucinf,0,0
chi2,255.50267033371,304.911315522334
good_of_fit,0,0
