Parameters,azelnidipine,lumefantrine
EC50,0.00404884382828582,1.29464122996413
H,1.84678726073327,1.92188659908795
Ucinf,0,0
chi2,270.46620104832,181.764066926821
good_of_fit,0,0
