Parameters,azelnidipine,halofantrine
EC50,0.000732891152487054,2.40644683786954
H,2.2653217521935,1.445765171137
Ucinf,0,0
chi2,207.110975908097,1019.12068504794
good_of_fit,0,0
