Parameters,azelnidipine,artenimol
EC50,0.000978619058198772,2.79122143597776
H,3.55723005339625,2.66326967340115
Ucinf,0,0
chi2,241.715720467824,317.289021213386
good_of_fit,0,0
