Parameters,azithromycin,lumefantrine
EC50,0.00571794329324004,0.327959084350094
H,2.35263416175591,1.24863090556641
Ucinf,0,51.4368369609758
chi2,261.259607517609,711.142614455728
good_of_fit,0,0
