Parameters,azithromycin,lumefantrine
EC50,0.00614829656424241,0.270469371954384
H,3.48186506883449,3.00547537202522
Ucinf,1.51098561364225,49.1399343306588
chi2,324.634952509721,415.959713809951
good_of_fit,0,0
