Parameters,azithromycin,lumefantrine
EC50,0.00541592199930039,0.293073578349714
H,1.70797846544318,1.03071864498337
Ucinf,0,26.7910204760025
chi2,195.706379116026,276.558565277405
good_of_fit,0,0
