Parameters,benzamil,piperaquine
EC50,0.0116284949446629,0.785206176709391
H,3.25699689944301,10
Ucinf,0,0
chi2,170.142269667446,246.561816770076
good_of_fit,0,0
