Parameters,bix01294,mefloquine
EC50,0.0090020320826493,0.0137472544247281
H,1.75681742631945,5.9161572696208
Ucinf,0,0
chi2,173.011784636809,25.9517099856627
good_of_fit,0,0
