Parameters,bix01294,artemether
EC50,0.0154167311919733,0.0770505658921457
H,10,7.09707844296412
Ucinf,0,2.20736533209047
chi2,192.108458544466,91.9154206427752
good_of_fit,0,0
