Parameters,bix01294,lumefantrine
EC50,0.00970687911698613,0.0297165817455891
H,1.10098175201142,10
Ucinf,0,11.3612737942706
chi2,4018.37754840855,1290.34538271957
good_of_fit,0,0
