Parameters,bix01294,methyleneblue
EC50,0.0102152385141478,1
H,9.99999999999907,0
Ucinf,45.2676694818637,100
chi2,19347.2313462511,4959123704.83371
good_of_fit,0,0
