Parameters,bix01294,artemether
EC50,0.0100675902038431,0.0216352650036726
H,10,10
Ucinf,28.2135154435607,31.0683207089016
chi2,13346.6034016012,7263.29015559981
good_of_fit,0,0
