Parameters,bix01294,kn62
EC50,1.45017738912748,0.0774316807705019
H,1.8182693178096,7.77716692632053
Ucinf,0,1.64558059708473
chi2,145.89194661587,22.2946624296715
good_of_fit,0,0
