Parameters,bix01294,lumefantrine
EC50,0.00266706899851446,0.0108238691025708
H,2.62997594754095,4.83625764061765
Ucinf,0,0
chi2,108.953537017438,84.5290249390115
good_of_fit,0,0
