Parameters,bix01294,kn62
EC50,0.478107996661626,0.0154702352862214
H,2.77765258234782,4.35635248961936
Ucinf,0.661065017309637,0
chi2,344.593517490486,150.65255700214
good_of_fit,0,0
