Parameters,bix01294,nanchangmycin
EC50,0.00034901751553411,0.0153173463005874
H,2.41218338785038,3.99740810352398
Ucinf,0,0
chi2,517.687436342711,275.360239252171
good_of_fit,0,0
