Parameters,calhex231,artesunate
EC50,0.011245743395804,9.72123264533878
H,10,9.99999999999997
Ucinf,21.5871132604813,0
chi2,22535.5407928399,6878.06357440348
good_of_fit,0,0
