Parameters,calhex231,artemether
EC50,0.019773222404841,1
H,9.99999999999998,0
Ucinf,76.0429278911046,100
chi2,47458.7836041666,27998.6351697864
good_of_fit,0,0
