Parameters,calhex231,artenimol
EC50,0.00181840378453854,7.05380356464242
H,3.97766053859205,2.20705106015093
Ucinf,0.720613273597748,0
chi2,138.392796512047,398.104632233749
good_of_fit,0,0
