Parameters,carfilzomib,ml238
EC50,1,1
H,0,0
Ucinf,100,100
chi2,92.0207869228961,216.861482149262
good_of_fit,0,0
