Parameters,carfilzomib,artemether
EC50,0.019274310500718,1
H,10,0
Ucinf,0.105393426354616,100
chi2,1530.84042135998,543.157975896072
good_of_fit,0,0
