Parameters,carfilzomib,ml238
EC50,0.0142962417613774,0.0188690886986536
H,1.33073916562169,9.99999999999999
Ucinf,5.79898346166709,0
chi2,455.006540538027,386.218979356376
good_of_fit,0,0
