Parameters,carfilzomib,artesunate
EC50,0.0140670955723664,1
H,3.8518801225468,0
Ucinf,20.329960735658,100
chi2,11157.1068043587,9745.00766895913
good_of_fit,0,0
