Parameters,carfilzomib,ink128
EC50,0.175,1
H,9.99999999999966,0
Ucinf,58.651770492106,100
chi2,135.852761753882,109.961435292325
good_of_fit,0,0
