Parameters,carfilzomib,artemether
EC50,0.0137324929194811,1
H,9.99999999999951,0
Ucinf,14.0493995788168,100
chi2,11110.0555841941,12296.4707609989
good_of_fit,0,0
