Parameters,carfilzomib,artemether
EC50,0.0280669796313042,1
H,9.99999999999926,0
Ucinf,53.9754628573609,100
chi2,145233.565687782,68941.3595517603
good_of_fit,0,0
