Parameters,carfilzomib,ml238
EC50,1,1
H,0,0
Ucinf,100,100
chi2,34530.8142692011,10184.5942906009
good_of_fit,0,0
