Parameters,cinacalcethydrochloride,chloroquine
EC50,0.497750062888606,8.14318635703279
H,10,1.7523913932283
Ucinf,0,0
chi2,32.2284568409788,80.2769094097938
good_of_fit,0,0
