Parameters,cinacalcethydrochloride,ml238
EC50,0.00460752768635816,2.56887560108358
H,1.05519769544509,2.63526995986724
Ucinf,0,0
chi2,142.654214725522,381.848092846923
good_of_fit,0,0
