Parameters,clindamycin,chloroquine
EC50,0.241645190662736,0.0381545333946453
H,9.99999999999999,1.70494973512872
Ucinf,58.2305442370693,30.4521054564074
chi2,2393.75029853805,57.888906616621
good_of_fit,0,0
