Parameters,clobetasonebutyrate,ml238
EC50,0.0111306022884431,1.66368282355666
H,1.27205444490527,2.33446191513266
Ucinf,0,0
chi2,135.017235220254,772.977174001148
good_of_fit,0,0
