Parameters,clobetasonebutyrate,ml238
EC50,0.00288886461366719,1.23468145330527
H,1.09011662560322,1.34766516272625
Ucinf,0,0
chi2,44.6552203808723,667.085362261206
good_of_fit,0,0
