Parameters,clobetasonebutyrate,nitd609
EC50,0.000878904406451002,0.828851846535737
H,4.37101422067226,1.19533407099757
Ucinf,0,0
chi2,186.004106307874,339.242595872937
good_of_fit,0,0
