Parameters,cycloheximide,artemether
EC50,0.040317542381272,0.990022567660331
H,7.3090229629281,9.99999999999996
Ucinf,0,0
chi2,11495.4290853944,8670.17385212037
good_of_fit,0,0
