Parameters,cycloheximide,artesunate
EC50,0.00581350250531585,0.178467393828297
H,10,0.923731918461428
Ucinf,16.2368462793942,0
chi2,3618.70341675114,1142.71928101126
good_of_fit,0,0
