Parameters,cycloheximide,artenimol
EC50,0.000403486611577803,0.100795090888248
H,0.949592721394838,0.932347135171902
Ucinf,0,0
chi2,775.969366934016,451.71727067202
good_of_fit,0,0
