Parameters,cycloheximide,ink128
EC50,0.0772068938555253,0.161045833535481
H,9.99999999999997,1.64204730736034
Ucinf,0,0
chi2,568.64852685119,86.2872700039337
good_of_fit,0,0
