Parameters,cycloheximide,ink128
EC50,0.155955612059348,0.501949039189787
H,9.99999999999998,2.90712648155167
Ucinf,0,0
chi2,17547.0202627051,6798.24913756603
good_of_fit,0,0
