Parameters,cycloheximide,ink128
EC50,0.175,0.493579670012099
H,9.99999999999998,2.15425659368865
Ucinf,12.4708667359553,0
chi2,202.04208446082,187.395992959179
good_of_fit,0,0
