Parameters,decoquinate,atovaquone
EC50,1,0.021312855566362
H,0,10
Ucinf,100,53.4768828639947
chi2,19497944577.4843,8386.91106052113
good_of_fit,0,0
