Parameters,elactocin,ml238
EC50,0.00373996981173171,1
H,1.08439510682899,0
Ucinf,0,100
chi2,107.335708482619,154.610083555172
good_of_fit,0,0
