Parameters,elactocin,artesunate
EC50,0.00973669055715598,0.343400229322582
H,10,5.24224777862889
Ucinf,45.5658964760132,0
chi2,17474.3098857214,6619124627.67364
good_of_fit,0,0
