Parameters,elactocin,artemether
EC50,0.011141503540337,1
H,2.26174064328018,0
Ucinf,0,100
chi2,551.815992862906,383.596486682676
good_of_fit,0,0
