Parameters,elactocin,ml238
EC50,1,0.374999999999946
H,0,9.99999999999962
Ucinf,100,78.854298983006
chi2,1293.65664374273,1849.46310561353
good_of_fit,0,0
