Parameters,emetine,artesunate
EC50,0.0132075933411725,0.151821527597779
H,10,9.99999999999999
Ucinf,20.7299499440325,13.256673521435
chi2,3513.73050664341,2863.01134374177
good_of_fit,0,0
