Parameters,emetine,artemether
EC50,0.0120574506581853,0.106714462688231
H,4.94856487259423,4.21792650145339
Ucinf,0,1.75309854137711
chi2,40.8412988778883,77.0341562178768
good_of_fit,0,0
