Parameters,febrifugine,nanchangmycin
EC50,0.000357602708058172,0.00135821183216609
H,2.15805226892823,10
Ucinf,0,1.00987920209095
chi2,290.547851209943,190.697958048816
good_of_fit,0,0
