Parameters,genz669178,proguanil
EC50,1,0.0328385341096366
H,0,9.99999999999993
Ucinf,100,7.63217079867733
chi2,24056171928.0114,7559.64604640551
good_of_fit,0,0
