Parameters,genz668764,gramicidin
EC50,2.18202952065639e-05,0.0556541327759885
H,2.91084076446635,2.15120870418058
Ucinf,0,0
chi2,1.65322006556924,108.251910039801
good_of_fit,0,0
