Parameters,genz669178,methylrosanilinechloride
EC50,1,0.0178328698307486
H,0,0.983046420134515
Ucinf,100,0
chi2,58401.3476560118,7233.71951733131
good_of_fit,0,0
