Parameters,genz669178,methyleneblue
EC50,0.00846721270202995,1
H,10,0
Ucinf,26.231854695123,100
chi2,17367.2043978833,6674217889.05915
good_of_fit,0,0
