Parameters,genz669178,methyleneblue
EC50,0.00341563039758655,0.0209666055073108
H,2.46037801196887,2.2815781633458
Ucinf,0,0
chi2,602.559200193299,777.407342489165
good_of_fit,0,0
