Parameters,genz669178,clobetasonebutyrate
EC50,3.04802131569918,0.0388825809493748
H,3.67359321163808,2.54905459009492
Ucinf,0,0
chi2,150.738177910946,229.789126905035
good_of_fit,0,0
