Parameters,gramicidin,nitd609
EC50,0.00227395795098316,0.000250735328998837
H,10,10
Ucinf,0.218388784155094,0.433102686037523
chi2,196.892618885329,72.4253488767421
good_of_fit,0,0
