Parameters,gramicidin,artenimol
EC50,0.00216504322466555,0.000298793796254432
H,4.05011472606617,9.99999999999925
Ucinf,0,0
chi2,53.7024487680289,34.9883016774579
good_of_fit,0,0
