Parameters,gramicidin,nitd609
EC50,0.000551660267120662,2.53210644193592e-05
H,4.68054800021223,1.95116975264308
Ucinf,0,0
chi2,201.907961667662,5.39102182914175
good_of_fit,0,0
