Parameters,gramicidin,atovaquone
EC50,0.00326201511078125,0.000252359009233521
H,0.732344167550005,10
Ucinf,0,0.550284436253679
chi2,4005.41596579676,38.9965415660823
good_of_fit,0,0
