Parameters,gsk2126458,artemether
EC50,1,1
H,0,0
Ucinf,100,100
chi2,6578035356.63368,47087.2571046693
good_of_fit,0,0
