Parameters,gsk2126458,lumefantrine
EC50,0.0128659560572726,0.0499999999999986
H,2.62154179010987,9.99999999999998
Ucinf,0,38.2632523403524
chi2,77.5288097705889,356.542046235596
good_of_fit,0,0
