Parameters,gsk2126458,proguanil
EC50,3.418e-06,9.77e-07
H,0.1,0.1
Ucinf,33.2585685395508,19.0325683149487
chi2,7921.98008329526,7880.29094239116
good_of_fit,0,0
