Parameters,gsk2126458,artesunate
EC50,0.029883252367285,0.0442632555780018
H,3.59116343569276,9.99999999999999
Ucinf,0,0
chi2,6113.90714287317,4319.91295291111
good_of_fit,0,0
