Parameters,gsk2126458,chloroquine
EC50,0.0240449373983382,0.012257583445238
H,10,9.99999999999999
Ucinf,0,3.9827683810004
chi2,293.240490371834,434.538349440799
good_of_fit,0,0
