Parameters,gsk2126458,artenimol
EC50,0.00316325963081644,1
H,2.06970045912027,0
Ucinf,23.7700312613431,100
chi2,3831.95892061557,29539.8095637026
good_of_fit,0,0
