Parameters,gsk2126458,artemether
EC50,0.0330335852026777,0.0290765038591622
H,10,10
Ucinf,0,68.3154773553932
chi2,83.3718040435202,183.062613005798
good_of_fit,0,0
