Parameters,gsk2126458,lumefantrine
EC50,0.0098470508921921,0.0499999999999999
H,5.08382578922424,9.99999999999991
Ucinf,7.07162651548031,69.6511641350719
chi2,1248.38237814071,1042.73961805376
good_of_fit,0,0
