Parameters,gsk2126458,lumefantrine
EC50,0.0029750461937841,0.0151127632443681
H,1.94006492615973,4.02599423911118
Ucinf,0,0
chi2,242.396478448865,443.167496662374
good_of_fit,0,0
