Parameters,halofantrine,artemether
EC50,0.00361010298634398,0.00058674688345314
H,5.75849004640108,1.746135949561
Ucinf,0.560138693125734,0
chi2,403.842607581172,115.843696782014
good_of_fit,0,0
