Parameters,ink128,mefloquine
EC50,0.108455813366323,1
H,9.99999999999999,0
Ucinf,24.6308019697174,100
chi2,34187.280728729,111962.515776421
good_of_fit,0,0
