Parameters,ink128,nvpbgt226
EC50,0.00713021963070387,1
H,2.98775173880373,0
Ucinf,0,100
chi2,56836.7234693823,108907.518771658
good_of_fit,0,0
