Parameters,ink128,nvpbgt226
EC50,0.000986437155753654,0.14551242190911
H,10,10
Ucinf,17.7120870144072,0
chi2,3426.67271351799,2350.22256262067
good_of_fit,0,0
