Parameters,ink128,mefloquine
EC50,0.0453927996686607,0.175
H,2.40019993964997,9.99999999999997
Ucinf,0,13.2842768811326
chi2,101.926741099117,33.1290676938486
good_of_fit,0,0
