Parameters,ivermectin,clobetasonebutyrate
EC50,2.59689549666286,2.15235577197259
H,3.17018183976344,10
Ucinf,0,12.3613427200554
chi2,147.230766439197,407.621577339431
good_of_fit,0,0
