Parameters,kn62,halofantrine
EC50,0.00162905537804511,0.598961368471864
H,3.23305792387838,4.43909373297099
Ucinf,0,1.59374551761276
chi2,238.310487643084,298.661321095073
good_of_fit,0,0
