Parameters,kn62,lumefantrine
EC50,0.0121486641450778,1.988960391837
H,2.72212130274895,1.77026527203889
Ucinf,0,0
chi2,53.0293927142045,426.331578929423
good_of_fit,0,0
