Parameters,kn62,artemether
EC50,0.0304028672045281,1.53651460605948
H,9.99999999999999,1.88289684374465
Ucinf,1.1304332736673,0
chi2,48.9436761492292,168.394782113751
good_of_fit,0,0
