Parameters,kn62,mefloquine
EC50,0.0332439618598801,1.70536481899772
H,2.29339645834551,1.45094538413503
Ucinf,0,0
chi2,177.216799902178,237.746925023421
good_of_fit,0,0
