Parameters,kn62,mefloquine
EC50,0.00793225660457013,0.441188146801904
H,1.36195142276285,1.5657369624434
Ucinf,0,0
chi2,504.513716400474,609.143158965684
good_of_fit,0,0
