Parameters,kn62,gramicidin
EC50,0.000274405305926965,1.59370794078974
H,9.99999999999999,1.29979739097248
Ucinf,3.05585095916465,0
chi2,101.05898383315,176.369461669767
good_of_fit,0,0
