Parameters,kn62,artenimol
EC50,0.00255388439722457,1.95443549657689
H,4.04460232065318,2.20693761257432
Ucinf,0,0
chi2,128.708824567695,462.066923923313
good_of_fit,0,0
