Parameters,kn62,artemether
EC50,0.0499999999999907,4.49114586076207
H,9.99999999999929,9.99999999999991
Ucinf,15.4124482708788,0
chi2,80724.6626308823,86767.0803316933
good_of_fit,0,0
