Parameters,kn62,artemether
EC50,0.0447541381393164,1.68733389062298
H,9.99999999999981,3.57142148266164
Ucinf,0,12.0607319441831
chi2,10423.7630174519,2051.33601688223
good_of_fit,0,0
