Parameters,kn62,artesunate
EC50,0.00786174873844503,1.49869745776869
H,6.18703964680907,1.45424315765654
Ucinf,16.1454648423769,0
chi2,4774.6971075178,818.481118024849
good_of_fit,0,0
