Parameters,kn62,halofantrine
EC50,0.00077565314777659,0.642254727577791
H,2.10941587587226,1.00033339832698
Ucinf,0.297369475288711,0
chi2,148.208025553681,893.110736135679
good_of_fit,0,0
