Parameters,kn62,artesunate
EC50,0.0149304590248101,2.00835397275316
H,6.64504660770592,1.70980896352848
Ucinf,0.774582525921991,0
chi2,80.0787897918785,551.110446618393
good_of_fit,0,0
