Parameters,kn62,lumefantrine
EC50,0.00336479576307913,0.427824425238997
H,2.43641512030383,1.53472007168194
Ucinf,0,0
chi2,456.876856423521,111.027357720291
good_of_fit,0,0
