Parameters,lidoflazine,lumefantrine
EC50,0.0123989322495667,9.99999999999415
H,10,1.24228347371874
Ucinf,17.7568372008048,0
chi2,1060.04607084015,1087.34414491825
good_of_fit,0,0
