Parameters,lomerizinedihydrochloride,lumefantrine
EC50,0.006459893263278,4.99999999999993
H,3.79486488459895,9.99999999999997
Ucinf,0,54.0266759227414
chi2,516.485469366272,366.547661745334
good_of_fit,0,0
