Parameters,lumefantrine,artemether
EC50,0.0457966369464568,0.00442197494660177
H,9.99999999999543,1.24719148680264
Ucinf,0,0
chi2,20972.5750919484,19011.5987011546
good_of_fit,0,0
