Parameters,lumefantrine,halofantrine
EC50,0.000713315126230177,0.0035401528335998
H,2.77627184586427,3.24348535773969
Ucinf,0,0
chi2,190.016618255439,293.166720105099
good_of_fit,0,0
