Parameters,manidipinedihydrochloride,artesunate
EC50,0.0124936526574001,1
H,9.99999999999994,0
Ucinf,46.1964213270728,100
chi2,48062.5659571954,123153.627026007
good_of_fit,0,0
