Parameters,manidipinedihydrochloride,artemether
EC50,0.018816592699314,1
H,5.98596097537517,0
Ucinf,11.7990987010021,100
chi2,12719.6744906251,285491.614212943
good_of_fit,0,0
