Parameters,manoalide,artesunate
EC50,0.0126662127689958,1
H,9.99999999999999,0
Ucinf,47.840244974271,100
chi2,7738.27055273002,61800.3255085103
good_of_fit,0,0
