Parameters,manoalide,artemether
EC50,0.0179019338835554,9.99999999999971
H,5.00296763839959,9.99999999999994
Ucinf,0,92.3647671865277
chi2,769.924770989109,742.696487033191
good_of_fit,0,0
