Parameters,mefloquine,artenimol
EC50,1,0.0509328313265589
H,0,9.99999999999994
Ucinf,100,26.8991841683672
chi2,126218.94403575,45746.5604655909
good_of_fit,0,0
