Parameters,mefloquine,artesunate
EC50,0.049999999999983,1
H,9.9999999999636,0
Ucinf,70.5985161884154,100
chi2,83272.8358585541,39832.6444965383
good_of_fit,0,0
