Parameters,mefloquine,halofantrine
EC50,0.000808808180921266,0.00927306873442245
H,2.48544738010223,1.59030389081168
Ucinf,0,0
chi2,121.922873757464,104.201299498021
good_of_fit,0,0
