Parameters,mefloquine,atovaquone
EC50,0.0035547257693362,0.0199065147241891
H,1.41388273931154,2.30816127605712
Ucinf,0,0
chi2,36.2865860517376,80.5114725676197
good_of_fit,0,0
