Parameters,mefloquine,nitd609
EC50,0.0092706070782938,0.0247620837360741
H,9.99999999999973,2.33199232925346
Ucinf,0,0
chi2,9760331.11144825,1388.19106259393
good_of_fit,0,0
