Parameters,mefloquine,methyleneblue
EC50,0.0576332078898769,1
H,9.99999999999999,0
Ucinf,0,100
chi2,25665.4249702917,26347.4280065582
good_of_fit,0,0
