Parameters,methylrosanilinechloride,ml238
EC50,1,0.0617716038847896
H,0,3.3161663444077
Ucinf,100,0
chi2,1725.30967982897,162.459628854937
good_of_fit,0,0
