Parameters,methyleneblue,artesunate
EC50,0.00710527730168546,1
H,9.99999999999996,0
Ucinf,11.9908954254317,100
chi2,5805.64559474736,21349.0533541851
good_of_fit,0,0
