Parameters,methylrosanilinechloride,lumefantrine
EC50,0.0149305892098515,0.0437742225255605
H,3.26715439483741,9.99999999999718
Ucinf,0,59.5439497992422
chi2,161.522418448979,349.46439276795
good_of_fit,0,0
