Parameters,methyleneblue,artenimol
EC50,0.00465231741481252,1
H,9.99999999999995,0
Ucinf,44.3887345230463,100
chi2,30909.262435455,80883.4912309205
good_of_fit,0,0
