Parameters,methyleneblue,artemether
EC50,0.00386294366899616,0.00455555622728316
H,2.61542498411639,3.31191272729173
Ucinf,0,0
chi2,375.587093511841,70.1043218003098
good_of_fit,0,0
