Parameters,methylrosanilinechloride,ml238
EC50,0.00384480732520622,0.0199916455215236
H,1.15562397827711,10
Ucinf,0,28.558923256253
chi2,205.233694345249,862.372025171245
good_of_fit,0,0
