Parameters,methylrosanilinechloride,lumefantrine
EC50,0.00830641504663266,0.0749999999999998
H,5.88014193701531,9.99999999999997
Ucinf,16.9123109336826,15.8868655390723
chi2,5198.76805460605,2608.69631464674
good_of_fit,0,0
