Parameters,methylrosanilinechloride,ml238
EC50,1,0.0419035864433407
H,0,10
Ucinf,100,46.0004017683595
chi2,18456.241517682,5689.81252003501
good_of_fit,0,0
