Parameters,methylrosanilinechloride,lumefantrine
EC50,0.0499999999999603,0.0749999999999999
H,1.01920060253363,9.99999999999992
Ucinf,0,55.4216718303291
chi2,3192.41701932516,31717.7694865457
good_of_fit,0,0
