Parameters,miconazole,artemether
EC50,0.00627992418604498,5
H,4.1695393307457,9.99999999999998
Ucinf,3.51577593175759,21.3622001080873
chi2,1038.26139720128,969.454169533815
good_of_fit,0,0
