Parameters,miconazole,artemether
EC50,0.0050602938564814,5
H,3.25871724964606,2.1500920100936
Ucinf,0,38.4412147525933
chi2,311.744005857103,778.280079152162
good_of_fit,0,0
