Parameters,miconazole,artenimol
EC50,0.000887429265353437,2.60757376959183
H,2.60617771432206,2.8476102047374
Ucinf,0.479002134991119,0
chi2,629.841138420663,662.961105231138
good_of_fit,0,0
