Parameters,miconazole,methyleneblue
EC50,0.0052286107633246,1.54118365690709
H,3.27900109583449,1.1548440035182
Ucinf,0,0
chi2,142.048322926005,437.945193134842
good_of_fit,0,0
