Parameters,miconazole,lumefantrine
EC50,0.00458991755242177,2.45223673989919
H,3.85578621508312,1.40196700281153
Ucinf,0.438859434374073,0
chi2,635.435815160378,1016.89299365053
good_of_fit,0,0
