Parameters,miconazole,reserpine
EC50,1.38046041593774,2.08536407007612
H,2.78674110956738,1.50125629606257
Ucinf,32.0759696712858,0
chi2,187.789620725538,306.284615959886
good_of_fit,0,0
