Parameters,ml238,proguanil
EC50,0.0290319308612312,0.00215293832301064
H,1.21480464199833,1.51152473158134
Ucinf,0,11.0040549982202
chi2,417.097490023302,463.668152706622
good_of_fit,0,0
