Parameters,ml238,proguanil
EC50,0.097861224003487,0.0158348122866324
H,9.99999999999954,1.52339406594352
Ucinf,60.8627766037066,0
chi2,106.581050021778,50.4878433980738
good_of_fit,0,0
