Parameters,ml238,methyleneblue
EC50,0.00383423768510482,0.00275646796391956
H,2.55548432212708,1.05580786107917
Ucinf,0,0
chi2,259.77640662328,465.974381866637
good_of_fit,0,0
