Parameters,ml238,nitd609
EC50,0.00261206910570559,0.0212235727665559
H,3.25480265103104,1.60257535241118
Ucinf,0,0
chi2,814.193592016406,254.627285292181
good_of_fit,0,0
