Parameters,ml238,nitd609
EC50,0.00195070565185759,0.00677291266325268
H,10,1.13796937901894
Ucinf,7.87920601327897,0
chi2,1354.77020650201,575.025603160664
good_of_fit,0,0
