Parameters,monensinsodiumsalt,artesunate
EC50,0.00973641289457639,1
H,10,0
Ucinf,31.3287583271975,100
chi2,40306.2433239313,38876.4184192296
good_of_fit,0,0
