Parameters,monensinsodiumsalt,halofantrine
EC50,0.0010524381618635,0.00148356551444429
H,4.05168695111944,5.70053209924915
Ucinf,0.90330980991864,3.82977290284794
chi2,110.024276466546,282.026626085827
good_of_fit,0,0
