Parameters,monensinsodiumsalt,proguanil
EC50,1,0.0249999999999999
H,0,9.99999999999993
Ucinf,100,64.4818117053
chi2,17300.6024138058,16661.1306855001
good_of_fit,0,0
