Parameters,monensinsodiumsalt,lumefantrine
EC50,0.0131919932873374,0.0022748343518341
H,3.52174962154697,3.14306111071103
Ucinf,3.10090371809885,2.51852970951055
chi2,158.756506113176,162.719260151061
good_of_fit,0,0
