Parameters,monensinsodiumsalt,lumefantrine
EC50,0.0125301087336841,0.00140399037589956
H,10,9.99999999999998
Ucinf,16.3081902466764,0.350860976937595
chi2,1708.68242313724,757.538508238822
good_of_fit,0,0
