Parameters,monensinsodiumsalt,artemether
EC50,1,0.00737611403813787
H,0,1.73876759044481
Ucinf,100,0
chi2,62578.8386789439,38956.013158922
good_of_fit,0,0
