Parameters,monensinsodiumsalt,halofantrine
EC50,0.000660223283161188,0.00224251700908221
H,1.76649726281626,4.07157562015333
Ucinf,0,2.89530416043985
chi2,166.361971007473,546.428215031964
good_of_fit,0,0
