Parameters,monensinsodiumsalt,lumefantrine
EC50,0.0499999999999967,0.00972919807026351
H,9.99999999999964,2.24798211711069
Ucinf,84.7486963056116,0
chi2,240690.291124148,32970.4990197809
good_of_fit,0,0
