Parameters,monensinsodiumsalt,nitd609
EC50,0.000865262873195598,0.00102858590445344
H,4.617664402101,2.18838044284697
Ucinf,0,0
chi2,563.945894217114,412.361159920834
good_of_fit,0,0
