Parameters,monensinsodiumsalt,halofantrine
EC50,0.0014806641040464,0.00203968654139771
H,10,2.91049593518103
Ucinf,1.45942006914516,0
chi2,60.0985674845214,610.988906427342
good_of_fit,0,0
