Parameters,monensinsodiumsalt,artenimol
EC50,0.0123530207744818,1
H,5.019670672498,0
Ucinf,73.0239608964379,100
chi2,38352.0802303076,39556.9484019729
good_of_fit,0,0
