Parameters,nanchangmycin,halofantrine
EC50,0.000761937544202809,0.000220036297234207
H,2.42421974088097,1.36134703880011
Ucinf,0,0
chi2,802.053174263885,769.125062284407
good_of_fit,0,0
