Parameters,nanchangmycin,lumefantrine
EC50,0.00955517219002331,0.000281362307904042
H,6.56672369725228,5.02240854783949
Ucinf,20.4379935321788,11.6837121024698
chi2,8220.43290583331,8853.73335755062
good_of_fit,0,0
