Parameters,nanchangmycin,lumefantrine
EC50,0.0148611355603973,0.000778365146599957
H,4.09075757695066,4.06934633234942
Ucinf,2.42594144028768,1.85752086143094
chi2,289.903929953942,71.3623378048076
good_of_fit,0,0
