Parameters,nanchangmycin,halofantrine
EC50,0.0013101446111952,0.000145129646006685
H,10,0.568779863856301
Ucinf,0.90154008805764,0
chi2,243.085937458921,904.344956968376
good_of_fit,0,0
