Parameters,nicardipine,artemether
EC50,0.0196562166321993,6.58453264713734
H,7.35907851959214,1.60328590663142
Ucinf,0.227152523491453,0
chi2,109.444343868702,259.143540219194
good_of_fit,0,0
