Parameters,nicardipine,mefloquine
EC50,0.0493351164219936,6.10785869061443
H,2.87531100760935,1.60859270264835
Ucinf,0,0
chi2,129.759841868367,87.8681672162624
good_of_fit,0,0
