Parameters,nicardipine,lumefantrine
EC50,0.0101474545040908,7.06981441605654
H,10,2.15975633571351
Ucinf,17.0735163385486,0
chi2,1576.00042065638,719.538367019359
good_of_fit,0,0
