Parameters,nicardipine,lumefantrine
EC50,0.00744542442299098,7.14991733936612
H,1.55212855073855,1.40233746520953
Ucinf,6.15654532220423,0
chi2,3456.18676613865,146.711468477472
good_of_fit,0,0
