Parameters,nicardipine,mefloquine
EC50,0.156950448314206,0.190412728795234
H,9.99999999998352,10
Ucinf,75.5158585383675,73.4412348679471
chi2,169731.229149918,11906.7770647824
good_of_fit,0,0
