Parameters,nicardipine,halofantrine
EC50,0.000589905287934303,1.06266535651176
H,1.94711971458068,1.3224533470249
Ucinf,0,0
chi2,64.6648269255799,978.669771897701
good_of_fit,0,0
