Parameters,nicardipine,halofantrine
EC50,0.00221541259273317,2.47969242628165
H,6.85382535052813,1.12381593490107
Ucinf,0,0
chi2,334.641760330646,1485.21713577887
good_of_fit,0,0
