Parameters,nicardipine,artenimol
EC50,0.00113972422766225,2.43132850190309
H,2.0281269142776,2.38488160870851
Ucinf,0,12.83446732806
chi2,295.21755904984,603.094756478615
good_of_fit,0,0
