Parameters,nicardipine,artemether
EC50,0.0346840999101289,1
H,4.96447518591819,0
Ucinf,0,100
chi2,58515.1215505061,22283.099908518
good_of_fit,0,0
