Parameters,nicardipine,mefloquine
EC50,0.0216972714002826,3.90884344872965
H,4.75823904229592,2.30157996737505
Ucinf,1.0782629675181,0
chi2,128.945342635,553.332531940433
good_of_fit,0,0
