Parameters,nicardipine,artemether
EC50,0.015764078692349,8.42236242298807
H,5.28598177580844,2.0257220773046
Ucinf,0,0
chi2,1305.72167865014,1501.30739018681
good_of_fit,0,0
