Parameters,nicardipine,methyleneblue
EC50,0.00517355953580255,2.18415488049553
H,3.42856651624788,1.78029345610519
Ucinf,0,0
chi2,491.619914951447,352.967561948817
good_of_fit,0,0
