Parameters,nicardipine,lumefantrine
EC50,0.022339631671659,1
H,9.99999999999995,0
Ucinf,53.2463218894337,100
chi2,5689.27870559301,28712.8689654368
good_of_fit,0,0
