Parameters,nitd609,artenimol
EC50,0.000930206052347677,1
H,2.05974396459463,0
Ucinf,44.2235090368801,100
chi2,3075.05619645542,76851.3128535923
good_of_fit,0,0
