Parameters,nitd609,artemether
EC50,0.00513310396337561,0.000520963266376082
H,1.43811256183024,3.00394307584967
Ucinf,0,0
chi2,609.7601664285,777.405145493825
good_of_fit,0,0
