Parameters,nitd609,halofantrine
EC50,0.00171841631842374,0.000756015211648519
H,5.44226805162062,9.99999999999999
Ucinf,0,0
chi2,161.704412409365,1188.39573098725
good_of_fit,0,0
