Parameters,nitd609,lumefantrine
EC50,0.0117100334870239,0.00214152995387326
H,2.40421080609025,10
Ucinf,0,0
chi2,338.310430734401,273.657281042517
good_of_fit,0,0
