Parameters,nitd609,lumefantrine
EC50,0.0120794506134995,0.00217502908383309
H,10,10
Ucinf,25.7149845309121,2.82022496171214
chi2,20836.0624844351,2963.32988931465
good_of_fit,0,0
