Parameters,nitd609,artesunate
EC50,0.00820527926032111,0.00203154472374836
H,10,8.7913811653919
Ucinf,61.4435080122136,0
chi2,15313.60080371,1671.26378623945
good_of_fit,0,0
