Parameters,nitd609,artemether
EC50,0.014280822477561,0.00208365193402065
H,9.99999999999995,10
Ucinf,20.2378026738321,9.00774541397961
chi2,15426.285343804,2322.67157703447
good_of_fit,0,0
