Parameters,nitd609,artemether
EC50,0.0153141367298256,0.00223932737308843
H,8.71247932317099,9.99999999999989
Ucinf,0.088392365495743,0
chi2,203.581806816277,237.031757369454
good_of_fit,0,0
