Parameters,nitd609,artesunate
EC50,0.00653028412001738,0.00208871394131687
H,1.12557164025637,10
Ucinf,0,0
chi2,6672.56129649847,149.995593796074
good_of_fit,0,0
