Parameters,nvpauy922,artenimol
EC50,0.00161622757960534,0.0755290240633084
H,4.10243725029345,2.74308516499407
Ucinf,0,0
chi2,89.1417894730842,32.5600436562319
good_of_fit,0,0
