Parameters,nvpauy922,artesunate
EC50,0.019291696072167,0.11233202078832
H,10,2.11735352850586
Ucinf,64.6607503704407,0
chi2,13981.3788917403,6878.67339386671
good_of_fit,0,0
