Parameters,nvpauy922,nvpbgt226
EC50,1,1
H,0,0
Ucinf,100,100
chi2,8423376265.24443,53049.2509402586
good_of_fit,0,0
