Parameters,nvpauy922,nanchangmycin
EC50,1,0.0789268519345362
H,0,2.28425277597789
Ucinf,100,0
chi2,77569.637469981,7087.48264625094
good_of_fit,0,0
