Parameters,nvpbgt226,nitd609
EC50,0.00189856698600005,0.0018918145144664
H,10,4.80801302494334
Ucinf,0,5.88917348497327
chi2,46.559998286618,58.3114105193047
good_of_fit,0,0
