Parameters,nvpbgt226,atovaquone
EC50,0.0249999999999982,1
H,9.99999999999999,0
Ucinf,29.2131731543038,100
chi2,19815.4788786236,54481.8255912966
good_of_fit,0,0
