Parameters,nvpbgt226,artesunate
EC50,1,0.00286916350187919
H,0,1.48599879143507
Ucinf,100,0
chi2,5848695289.11396,5157.56109453446
good_of_fit,0,0
