Parameters,nvpbgt226,chloroquine
EC50,0.0259376889729745,0.000483195397299105
H,3.79227451401898,1.95132331358418
Ucinf,0,0
chi2,101.226915855264,1057.98408802022
good_of_fit,0,0
