Parameters,nvpbgt226,lumefantrine
EC50,1,0.00817987746257166
H,0,3.6509352184275
Ucinf,100,33.5726410340281
chi2,57014.7329383112,9095.7360652783
good_of_fit,0,0
