Parameters,nvpbgt226,artemether
EC50,0.020343443039457,1
H,9.99999999999996,0
Ucinf,85.4234778343446,100
chi2,35387.3653611083,44251.6048015208
good_of_fit,0,0
