Parameters,panobinostatlbh589,halofantrine
EC50,0.000457058660066443,0.0163590051539925
H,1.291650373548,1.24873918322085
Ucinf,0,0
chi2,376.333835011072,606.939998760728
good_of_fit,0,0
