Parameters,panobinostatlbh589,atovaquone
EC50,1,0.0872480258256734
H,0,10
Ucinf,100,67.8844869987131
chi2,80828.8028003554,18194.0017093204
good_of_fit,0,0
