Parameters,perhexiline,artesunate
EC50,0.00551645432322508,3.21542568065227
H,10,0.974358116704862
Ucinf,7.25865370584457,0
chi2,722.227174982657,305.983111520667
good_of_fit,0,0
