Parameters,perhexiline,artenimol
EC50,0.00359798150299015,1
H,9.9999999999999,0
Ucinf,26.1840909285869,100
chi2,11519.0177227889,44618.6100779514
good_of_fit,0,0
