Parameters,perhexiline,artemether
EC50,0.0272971300134485,10
H,9.99999999999996,10
Ucinf,33.0643408637705,3.6989777948958
chi2,9667.91087886403,4654.36876429936
good_of_fit,0,0
