Parameters,perhexiline,methyleneblue
EC50,0.0168821031736891,1
H,9.99999999999997,0
Ucinf,26.3333115117864,100
chi2,14448.0204946621,47615.863113381
good_of_fit,0,0
