Parameters,perhexiline,artemether
EC50,0.0177867257543316,1
H,9.99999999999986,0
Ucinf,7.79461548272998,100
chi2,63289.1540726991,37734.2465203602
good_of_fit,0,0
