Parameters,pkc412,halofantrine
EC50,0.000650439350435483,0.104978609709368
H,1.34932594307814,1.14232009258526
Ucinf,0,0
chi2,716.853681212287,187.483490403945
good_of_fit,0,0
