Parameters,pkc412,artemether
EC50,0.0135853607440459,0.432766415661156
H,2.78820084597149,6.15081512174989
Ucinf,0,16.018516174424
chi2,404.654714848241,442.428870890886
good_of_fit,0,0
