Parameters,pkc412,artemether
EC50,0.022799174741748,0.620069542120351
H,9.33478114210963,1.78627483167609
Ucinf,0.418960319191936,0
chi2,145.406519442511,60.454743821452
good_of_fit,0,0
