Parameters,pkc412,halofantrine
EC50,0.001086731320369,0.233948233534598
H,2.60392323702408,2.04865647075087
Ucinf,0,0
chi2,96.9570569504834,86.0587622074469
good_of_fit,0,0
