Parameters,pkc412,artemether
EC50,0.0133458722710232,1
H,9.9999999999999,0
Ucinf,31.2246670856169,100
chi2,49978.0484535233,23588.0643166257
good_of_fit,0,0
