Parameters,pkc412,artenimol
EC50,0.00136302222396891,0.495378668859355
H,2.59461513829063,1.74171160534332
Ucinf,4.46236256577337,0
chi2,253.590581378377,778.067701603818
good_of_fit,0,0
