Parameters,proguanil,artesunate
EC50,0.011585476052015,0.0579929267004022
H,5.60071188605698,10
Ucinf,1.4218136822414,18.3467751697964
chi2,154.317800999259,781.520512943186
good_of_fit,0,0
