Parameters,proguanil,artenimol
EC50,0.000725961399761448,0.022471413070047
H,1.71289335911466,0.88003290382635
Ucinf,0,0
chi2,377.479128881359,455.379077989913
good_of_fit,0,0
