Parameters,propafenonehydrochloride,lumefantrine
EC50,0.0158802385709362,2.13748878415322
H,4.46148362197172,1.91376308386133
Ucinf,3.97068092747772,0
chi2,51.5906841486886,69.5413185387702
good_of_fit,0,0
