Parameters,propafenonehydrochloride,artenimol
EC50,0.000679691130378067,0.69496025380857
H,1.89892273464958,2.2221810378812
Ucinf,0,0
chi2,357.632021072006,320.497511006525
good_of_fit,0,0
