Parameters,propafenonehydrochloride,artemether
EC50,0.0252632864428177,2.18902017233966
H,10,2.38125358510423
Ucinf,0,0
chi2,61.0947933807304,69.7350511496775
good_of_fit,0,0
