Parameters,propafenonehydrochloride,lumefantrine
EC50,0.0202619337484805,5.25926371825785
H,10,10
Ucinf,45.3920899935623,21.7157150224446
chi2,75885.9617686307,185793.194601521
good_of_fit,0,0
