Parameters,propafenonehydrochloride,artesunate
EC50,0.0287471600288454,1
H,9.99999999998938,0
Ucinf,13.159519357771,100
chi2,37523.2151732846,38373.411711001
good_of_fit,0,0
