Parameters,pyronaridine,gramicidin
EC50,1,0.00822941230954423
H,0,9.99999999999999
Ucinf,100,38.1370199770949
chi2,121906.805145724,5258.29568015202
good_of_fit,0,0
