Parameters,pyronaridine,chloroquine
EC50,0.0280064049060404,0.0079539227076967
H,9.99999999999996,10
Ucinf,8.11330289783918,0
chi2,3304.75885274472,628.216430581267
good_of_fit,0,0
