Parameters,pyronaridine,artemether
EC50,0.0200843869884178,0.00423998919679767
H,10,4.90966076655841
Ucinf,40.1504347067179,0
chi2,14839.2968514475,2190.58043259615
good_of_fit,0,0
