Parameters,pyronaridine,artenimol
EC50,0.00058026168762743,0.00401600510258665
H,3.36693263521889,10
Ucinf,0.983564408130799,0
chi2,103.608370494733,368.658674780176
good_of_fit,0,0
