Parameters,pyronaridine,artenimol
EC50,0.0148646890722902,0.00117708727695458
H,1.57834276519754,10
Ucinf,0,51.1466582176241
chi2,22585.2319858879,3833.28178502069
good_of_fit,0,0
