Parameters,quisinostathydrochloride,artenimol
EC50,0.0028205724847568,0.00486824262452308
H,8.47634443921282,2.3627971081088
Ucinf,1.81409666661518,0
chi2,82.3278558897857,125.962346690756
good_of_fit,0,0
