Parameters,quisinostathydrochloride,mefloquine
EC50,0.00886654128019238,0.00368910421018458
H,5.88426941036304,2.6667107839252
Ucinf,18.4007387233495,13.2397585898316
chi2,2258.13408677008,2704.7625278705
good_of_fit,0,0
