Parameters,quisinostathydrochloride,lumefantrine
EC50,0.0146060192046034,0.0050907921689941
H,3.48106370593547,3.83233739455707
Ucinf,0.528403995736854,1.31334361167992
chi2,46.4046876176095,131.340099452719
good_of_fit,0,0
