Parameters,quisinostathydrochloride,artenimol
EC50,0.0027403251424773,0.00430238006041153
H,4.81314653596629,2.41745531231587
Ucinf,4.84113957163806,8.46127961851834
chi2,231.929741572801,3166.63268688694
good_of_fit,0,0
