Parameters,quisinostathydrochloride,mefloquine
EC50,0.0123148424535,0.00171370067714319
H,1.82498933879193,3.12457625203534
Ucinf,0,0.307378125959756
chi2,266.388614923125,58.2712625059804
good_of_fit,0,0
