Parameters,quisinostathydrochloride,halofantrine
EC50,0.000970466997158744,0.00247515281122003
H,2.16292683121296,2.78249219697328
Ucinf,0.265768767457442,0.96324790035533
chi2,112.198153595712,297.987072618127
good_of_fit,0,0
