Parameters,quisinostathydrochloride,artenimol
EC50,0.00223884618711648,1
H,6.25632686502078,0
Ucinf,23.2231982281085,100
chi2,12966.4358462054,121774.331435912
good_of_fit,0,0
