Parameters,quisinostathydrochloride,tafenoquine
EC50,0.080518341278885,0.00704324709802075
H,9.99999999999994,9.99999999999987
Ucinf,58.2187285597802,61.2335975054973
chi2,7616.25562484708,20238.8625881485
good_of_fit,0,0
