Parameters,quisinostathydrochloride,halofantrine
EC50,0.0010290478382888,0.00201054560280842
H,3.85321329178562,2.95289567942709
Ucinf,1.0993147450723,0.633652638055482
chi2,37.9875602659993,402.77208692198
good_of_fit,0,0
