Parameters,quisinostathydrochloride,mefloquine
EC50,0.0222392037085804,0.00481777486896587
H,0.713639646499975,2.60969290608076
Ucinf,0,0
chi2,4820.94609830387,112.550674084703
good_of_fit,0,0
