Parameters,quisinostathydrochloride,lumefantrine
EC50,0.0190668993190042,1
H,10,0
Ucinf,72.4682096900532,100
chi2,18719.9056386708,35811.8071647486
good_of_fit,0,0
