Parameters,quisinostathydrochloride,lumefantrine
EC50,0.0122115189475616,0.00415670350509828
H,2.05335913753912,2.70920465102804
Ucinf,5.11765328468075,9.82212085407418
chi2,1176.0230457171,1572.87105428235
good_of_fit,0,0
