Parameters,reserpine,methyleneblue
EC50,1,1.56024307219538
H,0,2.02151451025999
Ucinf,100,0
chi2,31688.0581437331,31739.7598591199
good_of_fit,0,0
