Parameters,reserpine,artemether
EC50,0.00610040510058367,2.09032463837368
H,9.9999999999999,10
Ucinf,42.661698630283,63.8832783537143
chi2,34368.4287841879,16796.2047885994
good_of_fit,0,0
