Parameters,reserpine,mefloquine
EC50,0.0418076391141377,1.93769323180671
H,2.3430782184269,2.81085741439194
Ucinf,0,0
chi2,53.0119371992381,141.544699849373
good_of_fit,0,0
