Parameters,reserpine,artemether
EC50,0.0200639183145205,2.26077179575304
H,6.60890592057838,4.09790887760415
Ucinf,0.184529998017435,0
chi2,20.160903697142,140.556007906889
good_of_fit,0,0
