Parameters,reserpine,halofantrine
EC50,0.000488851466360418,2.04734538299458
H,2.45782410304974,1.55020579095146
Ucinf,0,0
chi2,372.532238814423,540.390137498927
good_of_fit,0,0
