Parameters,reserpine,artesunate
EC50,0.0145614436730229,2.11575539469945
H,5.79952822832807,6.11632276744646
Ucinf,1.17811527154762,0
chi2,184.417768205033,195.659468688801
good_of_fit,0,0
