Parameters,rifampicin,mefloquine
EC50,0.194256523242118,0.668497505136441
H,2.57287211867973,9.99999999822836
Ucinf,0,0
chi2,24295.5358772847,7822893920.99484
good_of_fit,0,0
