Parameters,rifampicin,mefloquine
EC50,0.0398122589658066,0.716750108926066
H,3.06112324538112,2.18457492817504
Ucinf,0,0
chi2,104.795642562569,99.9146700861101
good_of_fit,0,0
