Parameters,tafenoquine,lumefantrine
EC50,0.0139300785571624,0.184143176713308
H,3.39231894315875,2.48556228367052
Ucinf,0.448690315772077,9.88991162072139
chi2,83.1450262405359,141.82755441776
good_of_fit,0,0
