Parameters,tafenoquine,artesunate
EC50,1,0.749999999999844
H,0,9.99999999999998
Ucinf,100,77.4232890104552
chi2,164589.728665082,90692.43803924
good_of_fit,0,0
