Parameters,tafenoquine,lumefantrine
EC50,0.00820666538463448,0.102508190283584
H,7.86130987736857,5.50306252451699
Ucinf,5.81656284970915,31.2061370916673
chi2,1252.78353692553,621.474402047505
good_of_fit,0,0
