Parameters,torin2,artesunate
EC50,0.0240153269210506,1
H,9.99999999999989,0
Ucinf,30.7659232596732,100
chi2,25032.6834275039,49553.16480368
good_of_fit,0,0
