Parameters,torin2,artenimol
EC50,1,0.00314655747717299
H,0,1.64118011325495
Ucinf,100,0
chi2,69887.387084234,66866.8912359154
good_of_fit,0,0
