Parameters,torin2,artemether
EC50,0.0140889436168207,0.00301349220210344
H,9.9999999999998,9.99999999999999
Ucinf,0,77.7464175768222
chi2,49661.8126811528,33846.281200024
good_of_fit,0,0
