Parameters,torin2,artemether
EC50,0.025166439298792,0.00104374066357306
H,10,5.46321805784398
Ucinf,0.994498090746271,11.3726524611366
chi2,85.0354680752922,101.798960454414
good_of_fit,0,0
