Parameters,trichostatina,gramicidin
EC50,3.42448392979207e-05,0.054162659952204
H,1.52980201101085,10
Ucinf,0,4.18442896430961
chi2,184.712380016432,1249.98554125345
good_of_fit,0,0
