Parameters,zonisamide,artemether
EC50,0.00876097604239354,1
H,3.9907190243069,0
Ucinf,0,100
chi2,181.95191067951,1095.89367768903
good_of_fit,0,0
