Parameters,zonisamide,artemether
EC50,0.00760964771789632,1
H,2.86973429600399,0
Ucinf,0,100
chi2,445.695427644618,2118.65103076733
good_of_fit,0,0
