Parameters,zstk474,nvpbgt226
EC50,0.00180926120464852,0.726130893522197
H,4.3141352072714,10
Ucinf,10.7001885729646,0
chi2,277.956310446498,221.032574016244
good_of_fit,0,0
